	SBS7a	SBS7b
CATD243a	0.380890480569329	0.619109519430671
