Query	Reference	Cosine_sim
Signature.A	SBS126	0.780157439998923
Signature.B	SBS150	0.780210649525738
