	SBS7a	SBS7b	SBS7c
CATD272a	0.208440775410889	0.462173674863955	0.329385549725156
