	SBS7a	SBS7c
CATD272a	0.633537979641167	0.366462020358833
