Query	Reference	Cosine_sim
Signature.A	SBS40c	0.818624702660915
Signature.B	SBS40c	0.817916600407499
Signature.C	SBS3	0.817326898214262
