Query	Reference	Cosine_sim
Signature.A	SBS5	0.812817076077648
Signature.B	SBS157	0.814805711917725
Signature.C	SBS157	0.82611358401456
