nS	gof	best	stat	model
1	17.6876845191882	2	L2	sigfit_ext
2	16.7578633736032	2	L2	sigfit_ext
3	16.8084699715989	2	L2	sigfit_ext
4	16.9858464377292	2	L2	sigfit_ext
5	17.1572691381544	2	L2	sigfit_ext
6	17.3534738228653	2	L2	sigfit_ext
7	17.5712892738335	2	L2	sigfit_ext
8	17.7472876933448	2	L2	sigfit_ext
