nS	gof	best	stat	model
1	0.614747281282757	2	cosine	sigfit_ext
2	0.68412433039979	2	cosine	sigfit_ext
3	0.686630810827819	2	cosine	sigfit_ext
4	0.680550514753763	2	cosine	sigfit_ext
5	0.672886528904664	2	cosine	sigfit_ext
6	0.66312512566543	2	cosine	sigfit_ext
7	0.650739482252085	2	cosine	sigfit_ext
8	0.639767583912607	2	cosine	sigfit_ext
