Query	Reference	Cosine_sim
Signature.A	SBS5	0.851499336507396
Signature.B	SBS5	0.847247252517843
Signature.C	SBS5	0.845271383436301
