Query	Reference	Cosine_sim
Signature.A	SBS5	0.859282327358415
Signature.B	SBS5	0.855440764181857
Signature.C	SBS5	0.850778570450911
