nS	gof	best	stat	model
1	31.5665963910094	2	L2	sigfit_ext
2	19.3595707063292	2	L2	sigfit_ext
3	18.8817042681272	2	L2	sigfit_ext
4	19.6166631248988	2	L2	sigfit_ext
5	19.8626316652171	2	L2	sigfit_ext
6	19.8682939752448	2	L2	sigfit_ext
7	20.4641333318174	2	L2	sigfit_ext
8	19.951393370417	2	L2	sigfit_ext
