nS	gof	best	stat	model
1	0.999975309267358	2	cosine	sigfit_ext
2	0.999990194772576	2	cosine	sigfit_ext
3	0.999990827163501	2	cosine	sigfit_ext
4	0.999990363112061	2	cosine	sigfit_ext
5	0.999990153475102	2	cosine	sigfit_ext
6	0.99999010392671	2	cosine	sigfit_ext
7	0.999989685549027	2	cosine	sigfit_ext
8	0.999989909089971	2	cosine	sigfit_ext
