	SBS7a	SBS7b
CATD0120a	0.331682444938231	0.668317555061769
