	SBS7a	SBS7b
CATD265a	0.212120115300818	0.787879884699182
