	SBS7a	SBS7b
CATD0632c	0.341558355160182	0.658441644839818
