	SBS7a	SBS7b
CATD246a	0.321337664963406	0.678662335036594
