nS	gof	best	stat	model
1	35.7386212668047	2	L2	sigfit_ext
2	28.3093826715867	2	L2	sigfit_ext
3	26.6141418898616	2	L2	sigfit_ext
4	26.2636364256064	2	L2	sigfit_ext
5	26.291334665663	2	L2	sigfit_ext
6	26.3305156414484	2	L2	sigfit_ext
7	26.4747842304574	2	L2	sigfit_ext
8	26.609643096357	2	L2	sigfit_ext
