nS	gof	best	stat	model
1	0.742048830812886	2	cosine	sigfit_ext
2	0.861370939297429	2	cosine	sigfit_ext
3	0.880883936199401	2	cosine	sigfit_ext
4	0.884302694629294	2	cosine	sigfit_ext
5	0.884342908752976	2	cosine	sigfit_ext
6	0.883890375705021	2	cosine	sigfit_ext
7	0.882685044591632	2	cosine	sigfit_ext
8	0.881506576033057	2	cosine	sigfit_ext
