Query	Reference	Cosine_sim
Signature.A	SBS125	0.876384700271897
Signature.B	SBS125	0.876121768159409
Signature.C	SBS125	0.875673191617477
Signature.D	SBS125	0.87614874324697
