Query	Reference	Cosine_sim
Signature.A	SBS3	0.864122650774927
Signature.B	SBS3	0.864466884060649
Signature.C	SBS3	0.863748137639034
Signature.D	SBS3	0.863692845197997
