	SBS7a	SBS7b
CATD0122a	0.351813959621204	0.648186040378796
