	SBS7a	SBS7b
CATD0119a	0.319859805353689	0.680140194646311
