Query	Reference	Cosine_sim
Signature.A	SBS3	0.843175637866169
Signature.B	SBS3	0.838071309242114
Signature.C	SBS3	0.841926252259113
Signature.D	SBS5	0.868342706009037
