Query	Reference	Cosine_sim
Signature.A	SBS126	0.818216241914519
Signature.B	SBS160	0.813006237953356
Signature.C	SBS160	0.815416244196507
Signature.D	SBS123	0.860782559722448
