	SBS7a	SBS7b	SBS7c
CATD262a	0.220880563611327	0.436300574585995	0.342818861802678
