Query	Reference	Cosine_sim
Signature.A	SBS3	0.856597119944658
Signature.B	SBS3	0.857393606487154
Signature.C	SBS3	0.856492264592621
