Query	Reference	Cosine_sim
Signature.A	SBS125	0.875398567517756
Signature.B	SBS125	0.876320954050815
Signature.C	SBS125	0.875611842951801
