nS	gof	best	stat	model
1	49.1308436574017	2	L2	sigfit_ext
2	25.2468874260319	2	L2	sigfit_ext
3	23.933043268688	2	L2	sigfit_ext
4	24.14234290401	2	L2	sigfit_ext
5	24.4759177705456	2	L2	sigfit_ext
6	24.8712904905576	2	L2	sigfit_ext
7	25.3206977128536	2	L2	sigfit_ext
8	25.5719780005291	2	L2	sigfit_ext
