nS	gof	best	stat	model
1	0.70014473144576	2	cosine	sigfit_ext
2	0.944805092467522	2	cosine	sigfit_ext
3	0.951817101276181	2	cosine	sigfit_ext
4	0.951739617133307	2	cosine	sigfit_ext
5	0.950868834739018	2	cosine	sigfit_ext
6	0.949522638756035	2	cosine	sigfit_ext
7	0.947877758008836	2	cosine	sigfit_ext
8	0.946943719373489	2	cosine	sigfit_ext
