	SBS2	SBS7a	SBS7b
CATD248a	0.109638787647894	0.198071853094584	0.692289359257522
