nS	gof	best	stat	model
1	7.77528205215256	2	L2	sigfit_ext
2	7.80141469915455	2	L2	sigfit_ext
3	7.8358311586469	2	L2	sigfit_ext
4	7.85913001385888	2	L2	sigfit_ext
5	7.8782596189649	2	L2	sigfit_ext
6	7.89236618175267	2	L2	sigfit_ext
7	7.902101829835	2	L2	sigfit_ext
8	7.90980502608654	2	L2	sigfit_ext
