nS	gof	best	stat	model
1	0.279740154854576	2	cosine	sigfit_ext
2	0.276577290463738	2	cosine	sigfit_ext
3	0.255420578961951	2	cosine	sigfit_ext
4	0.238819032168952	2	cosine	sigfit_ext
5	0.224103539384581	2	cosine	sigfit_ext
6	0.212926728287135	2	cosine	sigfit_ext
7	0.205062811002095	2	cosine	sigfit_ext
8	0.198753592935741	2	cosine	sigfit_ext
