Query	Reference	Cosine_sim
Signature.A	SBS3	0.777815352298444
Signature.B	SBS7a	0.809640299815967
Signature.C	SBS3	0.819409940503525
