Query	Reference	Cosine_sim
Signature.A	SBS126	0.798873313938998
Signature.B	SBS100	0.887153450908413
Signature.C	SBS157	0.820503033984914
