	SBS7a	SBS7b
CATD251a	0.235216384346409	0.764783615653591
