	SBS1	SBS2	SBS3	SBS4	SBS5	SBS6	SBS7a	SBS7b	SBS7c	SBS7d	SBS8	SBS9	SBS10a	SBS10b	SBS10c	SBS10d	SBS11	SBS12	SBS13	SBS14	SBS15	SBS16	SBS17a	SBS17b	SBS18	SBS19	SBS20	SBS21	SBS22a	SBS22b	SBS23	SBS24	SBS25	SBS26	SBS27	SBS28	SBS29	SBS30	SBS31	SBS32	SBS33	SBS34	SBS35	SBS36	SBS37	SBS38	SBS39	SBS40a	SBS40b	SBS40c	SBS41	SBS42	SBS43	SBS44	SBS45	SBS46	SBS47	SBS48	SBS49	SBS50	SBS51	SBS52	SBS53	SBS54	SBS55	SBS56	SBS57	SBS58	SBS59	SBS60	SBS84	SBS85	SBS86	SBS87	SBS88	SBS89	SBS90	SBS91	SBS92	SBS93	SBS94	SBS95	SBS96	SBS97	SBS98	SBS99
CATD251a	0.00341207531482169	0.0570464045578718	0.00616735224974475	0.00428267889075372	0.00560525108867194	0.003694210937366	0.120092190017495	0.270866751305441	0.0326611910802177	0.00499314612170304	0.00444466330518903	0.00885208060153787	0.00428214786592402	0.0209642543890677	0.00523627706727778	0.00417300339877586	0.012236029807575	0.00529411927119921	0.00313637266527094	0.00415841357431594	0.00335353408689582	0.0045244341721427	0.00766404896354588	0.00989335672552429	0.0039425675611547	0.0120363845692295	0.00512141300257407	0.00414939646943543	0.0064772444924847	0.00648036336030441	0.00718352583546843	0.00340198960885424	0.00507267594975494	0.00482875797897515	0.00424605544668114	0.0299790193783601	0.00328522956927802	0.00717737497572655	0.00939574431872091	0.00504553334546536	0.0133164016338202	0.00413943561695844	0.00691589736273507	0.00394563807207322	0.00667597169447039	0.00540576212300373	0.00597013931930511	0.00582131024499501	0.00846140294958418	0.00623270072975132	0.0136774168856942	0.00475831515478141	0.00431455354957271	0.00411682454661685	0.00476511966221996	0.00534370716214876	0.00504295190051993	0.00266037796015298	0.00412383652299368	0.00513640157302905	0.00399331330993239	0.00331442924814304	0.00468464915423248	0.00523545761921359	0.00528117539736477	0.00402327916527805	0.0101846000520054	0.00804449086681748	0.00281330603734504	0.00483003074778708	0.00499698195194622	0.00577409215152019	0.00638196858092722	0.00488827046964305	0.00568109273215997	0.00549509308472317	0.0132398162554576	0.0030189959717551	0.00502028867245398	0.011100070377514	0.00489856400375216	0.0039009671865275	0.00559261586127217	0.00926983040588603	0.00401550763311383	0.0086396850780063
