	SBS7a	SBS7b	SBS7c
CATD260a	0.206764931191309	0.42869966467989	0.3645354041288
