	SBS7a	SBS7c
CATD260a	0.645822927268989	0.354177072731011
