	SBS7a	SBS7b
CATD244a	0.27463503261731	0.72536496738269
