Query	Reference	Cosine_sim
Signature.A	SBS125	0.861786894087749
Signature.B	SBS125	0.861672233271719
