Query	Reference	Cosine_sim
Signature.A	SBS157	0.829421602618687
Signature.B	SBS157	0.82646812112969
Signature.C	SBS157	0.825196201115335
Signature.D	SBS157	0.82789568283041
