Query	Reference	Cosine_sim
Signature.A	SBS3	0.832889235461217
Signature.B	SBS3	0.829670940698485
Signature.C	SBS3	0.828971142456489
Signature.D	SBS3	0.830834939824325
