Query	Reference	Cosine_sim
Signature.A	SBS125	0.802527244474068
Signature.B	SBS125	0.801504637671679
