Query	Reference	Cosine_sim
Signature.A	SBS3	0.83186719315479
Signature.B	SBS3	0.83034959169527
Signature.C	SBS3	0.830783368704248
