Query	Reference	Cosine_sim
Signature.A	SBS125	0.837820719574953
Signature.B	SBS125	0.836974226891497
Signature.C	SBS125	0.836566015617588
