	SBS7a	SBS7b
CATD0128a	0.264998898242621	0.735001101757379
