Query	Reference	Cosine_sim
Signature.A	SBS3	0.85955543665922
Signature.B	SBS3	0.859037940219327
Signature.C	SBS3	0.858795091148202
