Query	Reference	Cosine_sim
Signature.A	SBS125	0.872890388658246
Signature.B	SBS125	0.872649941077467
Signature.C	SBS125	0.872302724916093
