	SBS7a	SBS7b
CATD0132a	0.452215918792056	0.547784081207944
