	SBS7a	SBS7b
CATD252a	0.376486313472345	0.623513686527655
