Query	Reference	Cosine_sim
Signature.A	SBS125	0.866722747707235
Signature.B	SBS125	0.866491756531141
Signature.C	SBS125	0.865916357916628
