Query	Reference	Cosine_sim
Signature.A	SBS3	0.874896822082615
Signature.B	SBS3	0.87416937186515
Signature.C	SBS3	0.874272180955009
