	Signature A	Signature B	Signature C
CATD0569a	0.336340445176608	0.333332791385291	0.330326763438101
CATD0561a	0.332345886723315	0.333258418733988	0.334395694542696
CATD0565a	0.334279499378745	0.330613489537557	0.335107011083699
CATD0567a	0.332374639010876	0.334292163301037	0.333333197688087
CATD0562a	0.333582627214792	0.329527665364416	0.336889707420792
CATD0568a	0.3331732382452	0.335075972117078	0.331750789637722
CATD0566a	0.335630989605339	0.330202582791012	0.334166427603649
