	SBS7a	SBS7b
CATD256a	0.335446847811207	0.664553152188793
