	SBS7a	SBS7b
CATD278a	0.346204105532216	0.653795894467784
