Query	Reference	Cosine_sim
Signature.A	SBS125	0.838583470608904
Signature.B	SBS125	0.837854909221776
