Query	Reference	Cosine_sim
Signature.A	SBS160	0.806692707660331
Signature.B	SBS160	0.80541386783815
Signature.C	SBS123	0.860903940823016
