Query	Reference	Cosine_sim
Signature.A	SBS3	0.810416511817429
Signature.B	SBS3	0.811208582308201
Signature.C	SBS5	0.870006011085858
