	SBS7a	SBS7b
CATD247a	0.246976109663304	0.753023890336696
