Query	Reference	Cosine_sim
Signature.A	SBS97	0.775454823638691
Signature.B	SBS125	0.857851222858692
Signature.C	SBS125	0.85573634760834
Signature.D	SBS125	0.857204152019378
