Query	Reference	Cosine_sim
Signature.A	SBS12	0.53747586324568
Signature.B	SBS3	0.812762534056373
Signature.C	SBS3	0.808776538864581
Signature.D	SBS3	0.810920048775242
