Query	Reference	Cosine_sim
Signature.A	SBS3	0.870718693825307
Signature.B	SBS3	0.871022755136942
Signature.C	SBS3	0.870283786038055
