Query	Reference	Cosine_sim
Signature.A	SBS125	0.858911651532475
Signature.B	SBS125	0.859053007469231
Signature.C	SBS125	0.858919391056238
