nS	gof	best	stat	model
1	0.293584807631322	2	cosine	sigfit_ext
2	0.307603758986312	2	cosine	sigfit_ext
3	0.296938104796963	2	cosine	sigfit_ext
4	0.285389013194072	2	cosine	sigfit_ext
5	0.275209699916999	2	cosine	sigfit_ext
6	0.267515186530078	2	cosine	sigfit_ext
7	0.26090380692394	2	cosine	sigfit_ext
8	0.255234988091866	2	cosine	sigfit_ext
