nS	gof	best	stat	model
1	9.74661479830772	2	L2	sigfit_ext
2	9.72607070554877	2	L2	sigfit_ext
3	9.75732218184536	2	L2	sigfit_ext
4	9.78628043919282	2	L2	sigfit_ext
5	9.81041348586046	2	L2	sigfit_ext
6	9.82819302227399	2	L2	sigfit_ext
7	9.84320432180467	2	L2	sigfit_ext
8	9.85585450962191	2	L2	sigfit_ext
