	SBS7a	SBS7b	SBS7c
CATD264a	0.297815031479684	0.428678328323747	0.273506640196569
