Query	Reference	Cosine_sim
Signature.A	SBS125	0.863920216399933
Signature.B	SBS125	0.863527988517327
