Query	Reference	Cosine_sim
Signature.A	SBS157	0.805791353706855
Signature.B	SBS157	0.803992274042846
Signature.C	SBS157	0.803800192598819
