Query	Reference	Cosine_sim
Signature.A	SBS5	0.81691026174882
Signature.B	SBS5	0.815355936173471
Signature.C	SBS5	0.816591018922919
