	SBS7a	SBS7b
CATD253a	0.306823159959498	0.693176840040502
