Query	Reference	Cosine_sim
Signature.A	SBS18	0.776774127491565
Signature.B	SBS7a	0.956763248117368
Signature.C	SBS125	0.8198762910346
Signature.D	SBS125	0.843232758452473
