Query	Reference	Cosine_sim
Signature.A	SBS10c	0.76570044551161
Signature.B	SBS7b	0.900075046014269
Signature.C	SBS40b	0.756689245047934
Signature.D	SBS40b	0.773661232217244
