Query	Reference	Cosine_sim
Signature.A	SBS125	0.852885765708092
Signature.B	SBS125	0.852731326296385
Signature.C	SBS125	0.851723947249231
