Query	Reference	Cosine_sim
Signature.A	SBS3	0.875440006946352
Signature.B	SBS3	0.874041831221019
Signature.C	SBS3	0.873954063426975
