Query	Reference	Cosine_sim
Signature.A	SBS123	0.859627512852343
Signature.B	SBS160	0.763620241195352
