	SBS7a	SBS7b
CATD255a	0.280641032728072	0.719358967271928
