Query	Reference	Cosine_sim
Signature.A	SBS125	0.871295468909686
Signature.B	SBS125	0.871594283752792
Signature.C	SBS125	0.871948674587235
Signature.D	SBS125	0.87178561777526
