Query	Reference	Cosine_sim
Signature.A	SBS3	0.876955700762112
Signature.B	SBS3	0.876531472075869
Signature.C	SBS3	0.876881653995931
Signature.D	SBS3	0.877026832009197
