	Signature A	Signature B	Signature C	Signature D
CATD0569a	0.249669725545992	0.254898033029153	0.251523973610136	0.24390826781472
CATD0561a	0.249997899143511	0.249513430631332	0.250076175048935	0.250412495176222
CATD0565a	0.250482993062884	0.24941840743213	0.250348747587566	0.24974985191742
CATD0567a	0.249803429013196	0.249528481255205	0.251805503452424	0.248862586279175
CATD0562a	0.249683218846441	0.249179555156323	0.24908100088171	0.252056225115527
CATD0568a	0.249951859228444	0.250193535346391	0.248819205297809	0.251035400127356
CATD0566a	0.249915742321328	0.249430673562582	0.250882808565138	0.249770775550952
