Query	Reference	Cosine_sim
Signature.A	SBS125	0.867600244456535
Signature.B	SBS125	0.868106772899133
Signature.C	SBS125	0.868047155652571
Signature.D	SBS125	0.868315606171233
