Query	Reference	Cosine_sim
Signature.A	SBS3	0.875921980250857
Signature.B	SBS3	0.876541176720846
Signature.C	SBS3	0.87575945229843
Signature.D	SBS3	0.876257396725704
