Query	Reference	Cosine_sim
Signature.A	SBS5	0.854072310326449
Signature.B	SBS5	0.855000648276113
Signature.C	SBS5	0.855763677138549
Signature.D	SBS5	0.855204700750763
