Query	Reference	Cosine_sim
Signature.A	SBS5	0.85902191150365
Signature.B	SBS5	0.859882101620633
Signature.C	SBS5	0.860401423801196
Signature.D	SBS5	0.860870408412096
