nS	gof	best	stat	model
1	5.8020950096206	6	L2	sigfit_ext
2	5.82599614487382	6	L2	sigfit_ext
3	5.84873974356251	6	L2	sigfit_ext
4	5.86452128099807	6	L2	sigfit_ext
5	5.87601080753222	6	L2	sigfit_ext
6	5.88336549800663	6	L2	sigfit_ext
7	5.89021259718646	6	L2	sigfit_ext
8	5.89414875684229	6	L2	sigfit_ext
