nS	gof	best	stat	model
1	0.28083960201721	2	cosine	sigfit_ext
2	0.26607353674521	2	cosine	sigfit_ext
3	0.245780798337464	2	cosine	sigfit_ext
4	0.230724510393337	2	cosine	sigfit_ext
5	0.219447694154163	2	cosine	sigfit_ext
6	0.21215526190803	2	cosine	sigfit_ext
7	0.205279654878378	2	cosine	sigfit_ext
8	0.201318489511507	2	cosine	sigfit_ext
