nS	gof	best	stat	model
1	16.8494873487951	2	L2	sigfit_ext
2	16.6029628966509	2	L2	sigfit_ext
3	16.665395040022	2	L2	sigfit_ext
4	16.799636883461	2	L2	sigfit_ext
5	16.9403964505466	2	L2	sigfit_ext
6	17.0500290718971	2	L2	sigfit_ext
7	17.1573737508497	2	L2	sigfit_ext
8	17.2527721591062	2	L2	sigfit_ext
