nS	gof	best	stat	model
1	0.447300301851642	2	cosine	sigfit_ext
2	0.491793853552563	2	cosine	sigfit_ext
3	0.492535968218773	2	cosine	sigfit_ext
4	0.479006646245155	2	cosine	sigfit_ext
5	0.462005319841539	2	cosine	sigfit_ext
6	0.446890083284093	2	cosine	sigfit_ext
7	0.431065867051703	2	cosine	sigfit_ext
8	0.416165828278938	2	cosine	sigfit_ext
