Query	Reference	Cosine_sim
Signature.A	SBS10c	0.753086212259305
Signature.B	SBS7b	0.899850530578735
Signature.C	SBS40b	0.680054944970025
