Query	Reference	Cosine_sim
Signature.A	SBS18	0.766036788723695
Signature.B	SBS7a	0.956311907726535
Signature.C	SBS125	0.728586811806722
