	SBS7a	SBS7b
CATD282a	0.359062757118666	0.640937242881334
