nS	gof	best	stat	model
1	17.3352022332146	2	L2	sigfit_ext
2	17.1799758312754	2	L2	sigfit_ext
3	17.2141586448928	2	L2	sigfit_ext
4	17.2648750201847	2	L2	sigfit_ext
5	17.3144253052512	2	L2	sigfit_ext
6	17.3529209711746	2	L2	sigfit_ext
7	17.386008443193	2	L2	sigfit_ext
8	17.4124795543152	2	L2	sigfit_ext
