nS	gof	best	stat	model
1	0.30189341698636	2	cosine	sigfit_ext
2	0.336072919276446	2	cosine	sigfit_ext
3	0.331723401880667	2	cosine	sigfit_ext
4	0.322626732063599	2	cosine	sigfit_ext
5	0.312935580955846	2	cosine	sigfit_ext
6	0.305085007476179	2	cosine	sigfit_ext
7	0.298121080755838	2	cosine	sigfit_ext
8	0.292473464404566	2	cosine	sigfit_ext
