	SBS2	SBS7b	SBS7c
CATD268a	0.175310869497352	0.603133866680029	0.22155526382262
