	SBS7a	SBS7c
CATD268a	0.742179157545202	0.257820842454798
