	SBS7a	SBS7b
CATD245a	0.228197523359738	0.771802476640262
