Query	Reference	Cosine_sim
Signature.A	SBS125	0.864052744576749
Signature.B	SBS125	0.864440470994646
Signature.C	SBS125	0.863663290139443
Signature.D	SBS125	0.863841785636776
