Query	Reference	Cosine_sim
Signature.A	SBS3	0.882310235981317
Signature.B	SBS3	0.881570383231683
Signature.C	SBS3	0.882402390103682
Signature.D	SBS3	0.882390363963723
