Query	Reference	Cosine_sim
Signature.A	SBS126	0.770839570993182
Signature.B	SBS100	0.887754472414605
