Query	Reference	Cosine_sim
Signature.A	SBS40c	0.786304543445917
Signature.B	SBS40c	0.790950187924955
Signature.C	SBS5	0.547951406591605
