Query	Reference	Cosine_sim
Signature.A	SBS125	0.833036114868224
Signature.B	SBS125	0.83724553398144
Signature.C	SBS97	0.778834252129711
