	SBS7a	SBS7b
CATD250a	0.282474172406476	0.717525827593524
