	SBS7a	SBS7b
CATD273a	0.345008322530215	0.654991677469785
