	SBS7a	SBS7b
CATD274a	0.284826712657493	0.715173287342507
