	SBS7a	SBS7b
CATD263a	0.24309503330551	0.75690496669449
