Query	Reference	Cosine_sim
Signature.A	SBS125	0.851839451471679
Signature.B	SBS125	0.851918791741784
