	Signature A	Signature B
CATD0569a	0.506810967914712	0.493189032085288
CATD0561a	0.50007593059466	0.49992406940534
CATD0565a	0.493819037205346	0.506180962794654
CATD0567a	0.505284288845318	0.494715711154682
CATD0562a	0.501653155973123	0.498346844026878
CATD0568a	0.504941121133101	0.495058878866899
CATD0566a	0.495711778821991	0.504288221178009
