Query	Reference	Cosine_sim
Signature.A	SBS125	0.833696010853666
Signature.B	SBS126	0.834111469691009
