Query	Reference	Cosine_sim
Signature.A	SBS126	0.829806515059583
Signature.B	SBS125	0.830728133061978
Signature.C	SBS100	0.886964425074518
Signature.D	SBS126	0.831478169961893
