Query	Reference	Cosine_sim
Signature.A	SBS3	0.827848520318188
Signature.B	SBS3	0.840467311904715
Signature.C	SBS7a	0.810956181504868
Signature.D	SBS3	0.832034793347303
