nS	gof	best	stat	model
1	153.721679275952	2	L2	sigfit_ext
2	131.176485919024	2	L2	sigfit_ext
3	127.716645571808	2	L2	sigfit_ext
4	126.502919194033	2	L2	sigfit_ext
5	125.577488877521	2	L2	sigfit_ext
6	124.90005478651	2	L2	sigfit_ext
7	124.527434484177	2	L2	sigfit_ext
8	124.582393947416	2	L2	sigfit_ext
