nS	gof	best	stat	model
1	0.975351578678142	2	cosine	sigfit_ext
2	0.982094013830056	2	cosine	sigfit_ext
3	0.983033274657181	2	cosine	sigfit_ext
4	0.983358776967263	2	cosine	sigfit_ext
5	0.983611408149948	2	cosine	sigfit_ext
6	0.983803334985155	2	cosine	sigfit_ext
7	0.983920904753742	2	cosine	sigfit_ext
8	0.983926815337507	2	cosine	sigfit_ext
