Query	Reference	Cosine_sim
Signature.A	SBS97	0.781187005068122
Signature.B	SBS125	0.783457791332323
