Query	Reference	Cosine_sim
Signature.A	SBS125	0.853025342669369
Signature.B	SBS125	0.853205668736218
Signature.C	SBS125	0.852663681900892
Signature.D	SBS125	0.85272020900648
