Query	Reference	Cosine_sim
Signature.A	SBS3	0.847511083137563
Signature.B	SBS3	0.847133527854436
Signature.C	SBS3	0.847233096215811
Signature.D	SBS3	0.846656135181991
