nS	gof	best	stat	model
1	0.294720406906939	2	cosine	sigfit_ext
2	0.300366020545187	2	cosine	sigfit_ext
3	0.287412176049789	2	cosine	sigfit_ext
4	0.275401084418002	2	cosine	sigfit_ext
5	0.266285225443372	2	cosine	sigfit_ext
6	0.25907658923165	2	cosine	sigfit_ext
7	0.253607383899776	2	cosine	sigfit_ext
8	0.248513319071336	2	cosine	sigfit_ext
