nS	gof	best	stat	model
1	8.80417858977255	2	L2	sigfit_ext
2	8.80321590958408	2	L2	sigfit_ext
3	8.83398766297857	2	L2	sigfit_ext
4	8.85995505096304	2	L2	sigfit_ext
5	8.87897488151883	2	L2	sigfit_ext
6	8.89370079042583	2	L2	sigfit_ext
7	8.90474918012689	2	L2	sigfit_ext
8	8.91494637516532	2	L2	sigfit_ext
