Query	Reference	Cosine_sim
Signature.A	SBS5	0.824119667363075
Signature.B	SBS5	0.825542953340374
Signature.C	SBS5	0.824144123556586
Signature.D	SBS5	0.824982879346783
