Query	Reference	Cosine_sim
Signature.A	SBS157	0.818942775980722
Signature.B	SBS157	0.819793086816895
Signature.C	SBS157	0.81968444827449
Signature.D	SBS157	0.82190264323231
