Query	Reference	Cosine_sim
Signature.A	SBS125	0.879841550419933
Signature.B	SBS125	0.879872857228818
Signature.C	SBS125	0.879299715903902
Signature.D	SBS125	0.879870775271116
