Query	Reference	Cosine_sim
Signature.A	SBS3	0.862773001754099
Signature.B	SBS3	0.863392320477563
Signature.C	SBS3	0.863055947079952
Signature.D	SBS3	0.863583418137141
