nS	gof	best	stat	model
1	6.47365270705558	7	L2	sigfit_ext
2	6.55027692163986	7	L2	sigfit_ext
3	6.61859023016367	7	L2	sigfit_ext
4	6.66908918118708	7	L2	sigfit_ext
5	6.71129246216551	7	L2	sigfit_ext
6	6.73967434240059	7	L2	sigfit_ext
7	6.76122174162597	7	L2	sigfit_ext
8	6.77734192429145	7	L2	sigfit_ext
