nS	gof	best	stat	model
1	0.466845518639222	2	cosine	sigfit_ext
2	0.445886110110661	2	cosine	sigfit_ext
3	0.419151506094469	2	cosine	sigfit_ext
4	0.397688823711929	2	cosine	sigfit_ext
5	0.378949541814676	2	cosine	sigfit_ext
6	0.366075021365069	2	cosine	sigfit_ext
7	0.356182779954678	2	cosine	sigfit_ext
8	0.348693554373695	2	cosine	sigfit_ext
