	SBS7a	SBS7b
CATD0123a	0.464569353235365	0.535430646764635
