nS	gof	best	stat	model
1	0.500975202729836	2	cosine	sigfit_ext
2	0.560549045624885	2	cosine	sigfit_ext
3	0.559835198438968	2	cosine	sigfit_ext
4	0.542740660083889	2	cosine	sigfit_ext
5	0.521793151868765	2	cosine	sigfit_ext
6	0.50156318307871	2	cosine	sigfit_ext
7	0.480580986353248	2	cosine	sigfit_ext
8	0.462111602517532	2	cosine	sigfit_ext
