nS	gof	best	stat	model
1	12.6991521466844	2	L2	sigfit_ext
2	12.4361839786776	2	L2	sigfit_ext
3	12.4774359074065	2	L2	sigfit_ext
4	12.6000360916032	2	L2	sigfit_ext
5	12.7296905161314	2	L2	sigfit_ext
6	12.8430885981201	2	L2	sigfit_ext
7	12.9526944368817	2	L2	sigfit_ext
8	13.0433118526473	2	L2	sigfit_ext
